area,WIFIAPTag,ratio
E1,E1-1A-1<E1-1-01>,0.04349974709062799
E1,E1-1A-2<E1-1-02>,0.029810726050197234
E1,E1-1A-3<E1-1-03>,0.053310270347901235
E1,E1-1A-4<E1-1-04>,0.03527499800947109
E1,E1-1A-5<E1-1-05>,0.0045910988201607415
E1,E1-1A-6<E1-1-06>,0.016919412585362108
E1,E1-2A<E1-2-07>,0.0015284269967913839
E1,E1-2A<E1-2-09>,0.006587113108085803
E1,E1-2A<E1-2-10>,0.007669894343224364
E1,E1-2A<E1-2-11>,0.01015028451681012
E1,E1-2A<E1-2A-02>,0.0023648646963948905
E1,E1-2A<E1-2A-06>,0.0021670584836508177
E1,E1-2B<E1-2-04>,0.004704962060269724
E1,E1-2B<E1-2B-02>,0.006033754383526964
E1,E1-2B<E1-2B-03>,0.004446151746620547
E1,E1-2C<E1-2-02>,0.01417954720329442
E1,E1-2C<E1-2-03>,0.010098090272438996
E1,E1-2C<E1-2C-01>,0.05502802614831909
E1,E1-3A<E1-3-01>,0.014475425403869589
E1,E1-3A<E1-3-02>,0.044638878162842385
E1,E1-3A<E1-3-03>,0.029596629914050706
E1,E1-3A<E1-3-04>,0.03950090334274215
E1,E1-3A<E1-3-05>,0.027019165094882985
E1,E1-3A<E1-3-06>,0.03436675166793025
E1,E1-3A<E1-3-07>,0.014978252121139185
E1,E1-3A<E1-3-08>,0.014245704239153363
E1,E1-3A<E1-3-09>,0.024881528207581497
E1,E1-3B<E1-3-24>,0.02322743608739976
E1,E1-3B<E1-3-25>,0.03413935763512865
E1,E1-3B<E1-3-26>,0.01790129602963037
E1,E1-3B<E1-3-27>,0.016548068821269454
E1,E1-3B<E1-3-28>,0.015865221828031933
E1,E1-3B<E1-3-29>,0.012850256208912616
E1,E1-3B<E1-3-30>,0.014234733474412935
E1,E1-3B<E1-3-31>,0.018431715882459225
E1,E1-3C<E1-3-11>,0.02425586216996075
E1,E1-3C<E1-3-12>,0.01852031311892359
E1,E1-3C<E1-3-13>,0.022445519764082017
E1,E1-3C<E1-3-14>,0.04112341295836811
E1,E1-3C<E1-3-15>,0.03874408679936084
E1,E1-3C<E1-3-16>,0.033218145844349116
E1,E1-3C<E1-3-17>,0.009711786374609396
E1,E1-3C<E1-3-18>,0.015184037071876296
E1,E1-3C<E1-3-19>,0.018587799944448036
E1,E1-3C<E1-3-20>,0.020552896622650075
E1,E1-3C<E1-3-21>,0.02492624238508415
E1,E1-3C<E1-3-22>,0.027464145961703056
E2,E2-1A-1<E2-1-01>,0.006343534442336488
E2,E2-1A-2<E2-1-01>,0.010045837407745117
E2,E2-1A-3<E2-1-01>,0.004475432232534037
E2,E2-1A-4<E2-1-01>,0.012900604018246907
E2,E2-1A-6<E2-1-01>,0.0005221704503477981
E2,E2-1A<E2-1A-05>,0.0001316433091517636
E2,E2-1A<E2-1A-07>,0.00872544180859415
E2,E2-2A-1<E2-2-04>,0.006048988041592241
E2,E2-2A-2<E2-2-03>,0.005975901789688587
E2,E2-2A-3<E2-2-02>,0.004999804076011463
E2,E2-2A-4<E2-2-01>,0.0013186344846472641
E2,E2-2B-1<E2-2-08>,0.03122632126514944
E2,E2-2B-2<E2-2-07>,0.013496741277750211
E2,E2-2B-3<E2-2-06>,0.015996643315755944
E2,E2-2B-4<E2-2-05>,0.017206528979799577
E2,E2-2C-2<E2-2-11>,0.014249617728083041
E2,E2-2C-3<E2-2-10>,0.006179310514866228
E2,E2-2C-4<E2-2-09>,0.020674163437589845
E2,E2-2C<E2-2C-02>,0.035285249917557826
E2,E2-3A<E2-3-01>,0.018055386170584192
E2,E2-3A<E2-3-02>,0.005672109537799902
E2,E2-3A<E2-3-03>,0.004109560694389837
E2,E2-3A<E2-3-04>,0.008977721461249538
E2,E2-3A<E2-3-05>,0.02446980547169471
E2,E2-3A<E2-3-06>,0.02519494436859422
E2,E2-3A<E2-3-07>,0.049279506042604004
E2,E2-3A<E2-3-25>,0.01707004260576263
E2,E2-3A<E2-3-26>,0.021916629719951973
E2,E2-3A<E2-3-27>,0.016087780991322548
E2,E2-3A<E2-3-28>,0.013030926491520893
E2,E2-3A<E2-3-29>,0.016551834663048163
E2,E2-3A<E2-3-30>,0.009188614923067915
E2,E2-3B<E2-3-08>,0.030833152452197848
E2,E2-3B<E2-3-09>,0.019606047491094264
E2,E2-3B<E2-3-10>,0.013276161686161471
E2,E2-3B<E2-3-11>,0.022932352509962405
E2,E2-3B<E2-3-12>,0.019773793647571928
E2,E2-3B<E2-3-13>,0.014191500949460856
E2,E2-3B<E2-3-14>,0.011450326224447879
E2,E2-3B<E2-3-15>,0.00858939571318313
E2,E2-3B<E2-3-16>,0.017671463208777043
E2,E2-3B<E2-3-17>,0.07267415110978832
E2,E2-3B<E2-3-18>,0.05280877950802386
E2,E2-3B<E2-3-19>,0.050701606004343786
E2,E2-3B<E2-3-20>,0.07680968824310777
E2,E2-3B<E2-3-21>,0.05522546888572964
E2,E2-3B<E2-3-22>,0.04908930567620413
E2,E2-3B<E2-3-23>,0.03895937505090721
E3,E3-2A-1<E3-2-01>,0.0025747448804615395
E3,E3-2A-2<E3-2-02>,0.005362273555211755
E3,E3-2A-3<E3-2-03>,0.011819865409677395
E3,E3-2A-4<E3-2-04>,0.022855967015463406
E3,E3-2A-5<E3-2-05>,0.003420392796445474
E3,E3-2B-1<E3-2-09>,0.012501505186223926
E3,E3-2B-2<E3-2-08>,0.012479556141540853
E3,E3-2B-3<E3-2-07>,0.014406499356008932
E3,E3-2B-4<E3-2-06>,0.06130703512609269
E3,E3-3A-10<E3-3-07>,0.02046535023206542
E3,E3-3A-1<E3-3-09>,0.028563023480905093
E3,E3-3A-2<E3-3-08>,0.015434446281999498
E3,E3-3A-3<E3-3-06>,0.025320966672509583
E3,E3-3A-4<E3-3-05>,0.02783138865813601
E3,E3-3A-5<E3-3-04>,0.03399114417016606
E3,E3-3A-6<E3-3-03>,0.022572763369483207
E3,E3-3A-7<E3-3-02>,0.015478344371365643
E3,E3-3A-8<E3-3-01>,0.03334578128691517
E3,E3-3A<E3-3-25>,0.02067264676518333
E3,E3-3A<E3-3-26>,0.023288546104425628
E3,E3-3A<E3-3A-12>,0.004090143507122008
E3,E3-3A<E3-3A-13>,0.01333313010143812
E3,E3-3A<E3-3A-14>,0.05072576650179479
E3,E3-3B-10<E3-3-11>,0.012115567817213234
E3,E3-3B-11<E3-3-13>,0.030202495179593485
E3,E3-3B-12<E3-3-12>,0.010984277472506535
E3,E3-3B-13<E3-3-10>,0.03416978500605885
E3,E3-3B-14<E3-3-15>,0.018506397994101195
E3,E3-3B-15<E3-3-14>,0.020092216472453187
E3,E3-3B-1<E3-3-24>,0.02640256681883655
E3,E3-3B-2<E3-3-23>,0.019309672059933086
E3,E3-3B-3<E3-3-22>,0.012000030484784282
E3,E3-3B-4<E3-3-19>,0.018520420994870935
E3,E3-3B-5<E3-3-18>,0.02458963669758332
E3,E3-3B-6<E3-3-17>,0.02272305335599369
E3,E3-3B-7<E3-3-20>,0.016715721765373857
E3,E3-3B-8<E3-3-21>,0.020676914634982814
E3,E3-3B-9<E3-3-16>,0.0049004290733387695
E3,E3-A2-1<E3-1-03>,0.06711956894515025
E3,E3-A2-2<E3-1-02>,0.09020356214704335
E3,E3-A2-3<E3-1-01>,0.06892640210954708
EC,EC-1A<EC-1A-01>,0.003312727694938478
EC,EC-1A<EC-1A-02>,0.00036007689475521764
EC,EC-1A<EC-1A-03>,0.0026954095970927994
EC,EC-1A<EC-1A-04>,0.00033880054475561274
EC,EC-1A<EC-1A-05>,0.00015248050833050156
EC,EC-1A<EC-1A-06>,4.437638714203301e-05
EC,EC-1A<EC-1A-7>,0.0019253070430594824
EC,EC-1B-1<EC-1-01>,0.008663223140077206
EC,EC-1C-1<EC-1-04>,0.017718944279670933
EC,EC-1C-2<EC-1-07>,0.00462091927205704
EC,EC-1C-3<EC-1-10>,0.0033819264904133835
EC,EC-1C-4<EC-1-11>,0.00490987236824215
EC,EC-1D-11<EC-2-10>,0.0009251159611732955
EC,EC-1D-12<EC-2-11>,0.0011411215716454744
EC,EC-1D-13<EC-2-12>,0.0007854012628425569
EC,EC-1D-14<EC-2-13>,0.0011826611121208935
EC,EC-1D-1<EC-1-13>,0.006815220168682955
EC,EC-1D-3<EC-1-05>,0.010964209734558283
EC,EC-1D-3<EC-1-08>,0.004386170210394733
EC,EC-1D-4<EC-1-03>,0.009802723656484616
EC,EC-1D-5<EC-1-09>,0.004643512729437573
EC,EC-1D-6<EC-1-06>,0.010348107428141155
EC,EC-1D-7<EC-1-02>,0.017699896880623667
EC,EC-1D-8<EC-2-09>,0.0020912625730564005
EC,EC-1D-9<EC-2-08>,0.001024608226409543
EC,EC-1G-1<EC-1-28>,0.010953064979796586
EC,EC-1G-2<EC-1-25>,0.023830930422890757
EC,EC-1G-3<EC-1-29>,0.001641622376398084
EC,EC-1G-4<EC-1-30>,0.0023895367368603846
EC,EC-1I<EC-1I-02>,8.713171904600089e-06
EC,EC-1I<EC-1I-03>,1.3475021666416417e-05
EC,EC-1I<EC-1I-04>,0.0006926971664157071
EC,EC-1I<EC-1I-05>,0.00038317693189764574
EC,EC-1I<EC-1I-06>,0.00011803308452161747
EC,EC-1I<EC-1I-07>,0.00011438571023597093
EC,EC-1I<EC-1I-08>,0.004960732976336444
EC,EC-1I<EC-1I-09>,1.38802854759327e-05
EC,EC-1I<EC-1I-10>,0.0021597521568646524
EC,EC-1I<EC-1I-11>,0.0006062746590363596
EC,EC-1I<EC-1I-12>,0.0020239887806766973
EC,EC-1I<EC-1I-13>,0.0009317014980779351
EC,EC-1I<EC-1I-14>,0.001169287406406856
EC,EC-1I<EC-1I-15>,0.002236752280672746
EC,EC-1I<EC-1I-1>,0.0029672402973258466
EC,EC-2-07<EC-1D-10>,0.002368564334717917
EC,EC-2-19<EC-2C-6>,0.0026813266797121086
EC,EC-2A-1<EC-2-01>,0.015533761818759135
EC,EC-2A-2<EC-2-02>,0.008234454029608979
EC,EC-2A-3<EC-2-03>,0.004375532035394931
EC,EC-2A-4<EC-2-04>,0.012979282711425623
EC,EC-2A-5<EC-2-05>,0.018909710667982152
EC,EC-2A-6<EC-2-06>,0.03121362124084889
EC,EC-2C-10<EC-1-18>,0.002911921787326874
EC,EC-2C-11<EC-1-20>,0.014545222071396541
EC,EC-2C-12<EC-1-22>,0.032862740997723024
EC,EC-2C-1<EC-2-17>,0.005271772950140191
EC,EC-2C-2<EC-2-16>,0.005677239391561232
EC,EC-2C-3<EC-2-15>,0.0006326168066549181
EC,EC-2C-4<EC-2-14>,0.0006766892459398138
EC,EC-2C-5<EC-2-18>,0.008630498087458766
EC,EC-2C-7<EC-2-20>,0.0031428208427987762
EC,EC-2C-8<EC-1-21>,0.0036240716165993627
EC,EC-2C-9<EC-1-19>,0.0258958508483286
EC,EC-2D-1<EC-2-21>,0.0028123282061382473
EC,EC-2D-2<EC-2-22>,0.0006529813130831113
EC,EC-2D-3<EC-2-23>,0.0019493189237733222
EC,EC-2D-4<EC-2-24>,0.0017504357092532061
EC,EC-2E-1<EC-2-32>,0.004012314346115962
EC,EC-2E-2<EC-2-31>,0.0012470980578339825
EC,EC-2E-3<EC-2-28>,0.0007195458937961608
EC,EC-2E-4<EC-2-30>,0.001920443877345287
EC,EC-2E-5<EC-2-29>,0.0012381822540246243
EC,EC-2E-6<EC-2-33>,0.0022431351856726273
EC,EC-2E<EC-2E-10>,0.0014465891680683729
EC,EC-2E<EC-2E-11>,0.001110625469979374
EC,EC-2E<EC-2E-7>,0.001473944475210722
EC,EC-2E<EC-2E-8>,0.0003526808302315455
EC,EC-2E<EC-2E-9>,0.00040232564689729016
EC,EC-3A<EC-3-01>,0.016576910864454047
EC,EC-3B<EC-3-02>,0.008103959082944735
EC,EC-3B<EC-3-03>,0.0034752384825545075
EC,EC-3B<EC-3-04>,0.002185385092816557
EC,EC-3B<EC-3-05>,0.011012233495985964
EC,EC-3B<EC-3-06>,0.006379054993691056
EC,EC-3B<EC-3-07>,0.012693774357621401
EC,EC-3B<EC-3-08>,0.013361446483799479
EC,EC-3B<EC-3B-08>,0.003094087869704443
EC,EC-3B<EC-3B-10>,0.0007577420078430705
EC,EC-3B<EC-3B-11>,0.0005067823938001121
EC,EC-3B<EC-3B-12>,0.002528744855429228
EC,EC-3B<EC-3B-9>,0.002586900212094815
EC,EC-3C-10<EC-3-13>,0.02417854545550335
EC,EC-3C-1<EC-1-16>,0.030799340311570868
EC,EC-3C-2<EC-1-17>,0.0014289601923544145
EC,EC-3C-3<EC-1-15>,0.010953672875510861
EC,EC-3C-4<EC-1-14>,0.023114829271475488
EC,EC-3C-5<EC-1-12>,0.016854009994210807
EC,EC-3C-7<EC-3-10>,0.033206303392240455
EC,EC-3C-8<EC-3-11>,0.015027182056863781
EC,EC-3C-9<EC-3-12>,0.023786655351701106
EC,EC-3D-10<EC-1-23>,0.02559403062619135
EC,EC-3D<EC-3-14>,0.009116915974830686
EC,EC-3D<EC-3-15>,0.0064299156017853494
EC,EC-3D<EC-3-16>,0.013495791436654126
EC,EC-3D<EC-3-17>,0.012097935241680086
EC,EC-3D<EC-3-18>,0.0064208984820236115
EC,EC-3D<EC-3-19>,0.0038132284996910877
EC,EC-3D<EC-3-20>,0.003040694362800673
EC,EC-3D<EC-3-21>,0.008140838089610717
EC,EC-3D<EC-3-22>,0.00835319632579725
EC,EC-3D<EC-3D-11>,0.00043900202165851376
EC,EC-3D<EC-3D-12>,0.0010642227637897596
EC,EC-3D<EC-3D-13>,0.0055127022848976215
EC,EC-3E-6<EC-1-24>,0.009099388315069106
EC,EC-3E-7<EC-1-26>,0.01188496910977928
EC,EC-3E-7<EC-1-27>,0.014757782939487832
EC,EC-3E<EC-3-23>,0.003124077391608648
EC,EC-3E<EC-3-24>,0.008376701626749194
EC,EC-3E<EC-3-25>,0.0018187226611567
EC,EC-3E<EC-3-26>,0.00290797046518409
EC,EC-3E<EC-3-27>,0.003092568130418757
EC,EC-3F-10<EC-1-40>,0.010485390543614794
EC,EC-3F-11<EC-1-41>,0.0022285456885300413
EC,EC-3F-12<EC-2-26>,0.0006814510957016302
EC,EC-3F-13<EC-1-32>,0.0011563189645023351
EC,EC-3F-14<EC-2-25>,0.0006046536037982945
EC,EC-3F-15<EC-1-34>,0.01620153526088959
EC,EC-3F-16<EC-1-31>,0.007745705875332342
EC,EC-3F-17<EC-1-36>,0.01427156768402067
EC,EC-3F-18<EC-1-37>,0.017848932646573282
EC,EC-3F-19<EC-1-33>,0.008731003512218805
EC,EC-3F-6<EC-1-35>,0.0035754399594574086
EC,EC-3F-7<EC-2-27>,0.0023755551354320732
EC,EC-3F-8<EC-1-38>,0.020245966763909717
EC,EC-3F-9<EC-1-39>,0.0010849925340274693
EC,EC-3F<EC-3-28>,0.0012298743459295404
EC,EC-3F<EC-3-29>,0.0007688867626047683
EC,EC-3F<EC-3-30>,0.001992276887582048
EC,EC-3F<EC-3-31>,0.002544347512095605
EC,EC-3F<EC-3-32>,0.0007587551673668612
EC,EC-3G<EC-3-33>,0.0009445686240300771
EC,EC-3G<EC-3-34>,0.006762637189398218
EC,EC-3G<EC-3-35>,0.0020986586375800727
EC,EC-3G<EC-3G-04>,0.0028393795654234593
EC,EC-3G<EC-3G-05>,0.002415574936621806
EC,EC-3G<EC-3G-06>,0.0014256167659259052
EC,EC-3G<EC-3G-07>,0.0022286470044824203
EC,EC-3G<EC-3G-08>,0.00600236228274567
EC,EC-3G<EC-3G-10>,0.001439497051401838
EC,EC-3G<EC-3G-11>,0.0016738408492546287
EC,EC-3G<EC-3G-12>,0.00019999768999628576
EC,EC-3G<EC-3G-13>,0.010226629601238648
EC,EC-3G<EC-3G-14>,0.0006666589666542859
EC,EC-3G<EC-3G-15>,0.024177127032170044
EC,EC-3G<EC-3G-9>,0.000525323213085482
T1,T1-1A-10<T1-3-16>,0.0006625195053233511
T1,T1-1A-1<T1-1-22>,0.011747281797242229
T1,T1-1A-2<T1-1-21>,0.016329662558335564
T1,T1-1A-3<T1-1-20>,0.007666051682706764
T1,T1-1A-4<T1-1-19>,0.007829138693716339
T1,T1-1A-5<T1-1-18>,0.011376985625594695
T1,T1-1A-6<T1-1-17>,0.005679661510262695
T1,T1-1A-7<T1-1-12>,0.012253174543993803
T1,T1-1A-8<T1-3-21>,0.001982335333148002
T1,T1-1A-9<T1-3-22>,0.0021079666252362887
T1,T1-1A<T1-1A-12>,0.013234651831911104
T1,T1-1B-1<T1-1-33>,0.018880706284279285
T1,T1-1B-23<T1-3-29>,0.007454375326234157
T1,T1-1B-24,0.0033998796606168236
T1,T1-1B-2<T1-1-32>,0.008116826105467745
T1,T1-1B-3<T1-1-49>,0.011330045706285997
T1,T1-1B-4<T1-1-30>,0.014994108455954995
T1,T1-1B-5<T1-1-31>,0.0024581947786727824
T1,T1-1B-5<T1-1-51>,0.009331078659415147
T1,T1-1B-6<T1-3-25>,0.00301020273165589
T1,T1-1B-8<T1-3-24>,0.0064353048672160405
T1,T1-1B<T1-1B-21>,0.005810447259083269
T1,T1-1C-8<T1-3-04>,0.001267927630052957
T1,T1-1C<T1-1C-04>,0.010351386188049014
T1,T1-1C<T1-1C-05>,0.0016622092070280674
T1,T1-1C<T1-1C-09>,0.006093392570640971
T1,T1-1C<T1-1C-10>,0.009702474448498902
T1,T1-1C<T1-1C-11>,0.005096795542975627
T1,T1-1D-10<T1-3-59>,0.002922783145476294
T1,T1-1D-11<T1-3-62>,0.0007641653920840602
T1,T1-1D-1<T1-1-08>,0.007868450017061253
T1,T1-1D-2<T1-1-10>,0.006669042298502836
T1,T1-1D-3<T1-1-09>,0.01070292013719102
T1,T1-1D-4<T1-1-03>,0.016962973475509287
T1,T1-1D-5<T1-1-02>,0.010343276509456881
T1,T1-1D-6<T1-1-01>,0.008399221608307335
T1,T1-1D-7<T1-1-04>,0.01006947176783777
T1,T1-1D-8<T1-1-05>,0.009584265574105109
T1,T1-1D-9<T1-1-11>,0.01118503365688431
T1,T1-1D<T1-1D-12>,0.003970031301297583
T1,T1-1D<T1-1D-13>,0.005342216409522275
T1,T1-1E-10<T1-3-68>,0.0066278066446445365
T1,T1-1E-11<T1-3-73>,0.001833612074899067
T1,T1-1E-12<T1-3-66>,0.000389951833319989
T1,T1-1E-13<T1-3-72>,0.003040992019870087
T1,T1-1E-14,0.004564305799485448
T1,T1-1E-1<T1-1-23>,0.007044286748613365
T1,T1-1E-2<T1-1-14>,0.021819708786939843
T1,T1-1E-3<T1-1-15>,0.005239677083594635
T1,T1-1E-4<T1-1-16>,0.00790624936643136
T1,T1-1E-5<T1-1-13>,0.01589874997551633
T1,T1-1E-9<T1-3-74>,0.00231579432068212
T1,T1-1F-10<T1-1-28>,0.003162843377021363
T1,T1-1F-11<T1-1-27>,0.006472966764406621
T1,T1-1F-12<T1-3-76>,0.0027901417922320962
T1,T1-1F-1<T1-1-37>,0.0023752423883278357
T1,T1-1F-20<T1-3-23>,0.0034106009306199814
T1,T1-1F-20<T1-3-77>,0.006125900011099263
T1,T1-1F-23<T1-3-82>,0.0029248449281692093
T1,T1-1F-2<T1-1-38>,0.0045225203369090375
T1,T1-1F-3<T1-1-40>,0.0070475856009220295
T1,T1-1F-4<T1-1-41>,0.0023336631040207167
T1,T1-1F-5<T1-1-42>,0.0007317954038052949
T1,T1-1F-6<T1-1-44>,0.00022219144820647243
T1,T1-1F-7<T1-1-39>,0.0012659345734498057
T1,T1-1F-8<T1-1-26>,0.0013974075831680185
T1,T1-1F-9<T1-1-29>,0.008388087981765593
T1,T1-1F<T1-1F-20>,0.022178115345058234
T1,T1-1G-1<T1-1-48>,0.006714264065567439
T1,T1-1G-2<T1-1-47>,0.005213767347753671
T1,T1-1G-3<T1-1-46>,0.006474684916650717
T1,T1-1G-5<T1-3-42>,0.0006620384226950043
T1,T1-1G-7<T1-3-89>,0.0009315821467487577
T1,T1-1G-8<T1-3-84>,0.0007092532463627576
T1,T1-1H-1<T1-1-24>,0.008845803739592723
T1,T1-1H-2<T1-1-25>,0.009079472444789755
T1,T1-1H-3<T1-1-34>,0.0073479873392797435
T1,T1-1H-4<T1-1-35>,0.0021520887748646697
T1,T1-1H-5<T1-1-36>,0.0007924805410667595
T1,T1-1H-5<T1-1-45>,0.013619311756319278
T1,T1-1H-6<T1-1-43>,0.0018466700319541955
T1,T1-1H-8<T1-3-87>,0.004814743670584856
T1,T1-1H-9<T1-3-86>,0.0023135950858096774
T1,T1-1H<T1-1H-5>,0.005078239498739392
T1,T1-3A-12<T1-3-03>,0.012291042619453676
T1,T1-3A-13<T1-3-02>,0.0040061812245133594
T1,T1-3A-14<T1-3-01>,0.013885075545436021
T1,T1-3A-1<T1-1-06>,0.0015433817978264
T1,T1-3A-2<T1-1-07>,0.0032842823776340563
T1,T1-3A-3<T1-3-06>,0.004433520050664873
T1,T1-3A-4<T1-3-05>,0.0013172042364136252
T1,T1-3A-6<T1-3-08>,0.004354828677885284
T1,T1-3A-7<T1-3-07>,0.00684876102323526
T1,T1-3A-9<T1-3-09>,0.0034378851882562234
T1,T1-3B-1<T1-3-10>,0.005272459428411984
T1,T1-3B-2<T1-3-14>,0.007261667370536369
T1,T1-3B-3<T1-3-11>,0.003702343181667453
T1,T1-3B-4<T1-3-15>,0.0031820866821552366
T1,T1-3B-5<T1-3-12>,0.0063465794853309315
T1,T1-3C-1<T1-3-17>,0.009877863429576203
T1,T1-3C-2<T1-3-19>,0.0016773976728658745
T1,T1-3C-3<T1-3-20>,0.0019537452798062474
T1,T1-3C-5<T1-3-18>,0.00482127264911242
T1,T1-3D-1<T1-3-26>,0.002656400821551677
T1,T1-3D-2<T1-3-31>,0.004700933265935948
T1,T1-3D-3<T1-3-27>,0.007647289460201237
T1,T1-3D-4<T1-3-32>,0.003067520290518927
T1,T1-3D-5<T1-3-33>,0.00469612243965248
T1,T1-3D-6<T1-3-28>,0.004153323782697726
T1,T1-3D-7<T1-3-30>,0.006003155214781058
T1,T1-3E-1<T1-3-37>,0.0005330395522082895
T1,T1-3E-2<T1-3-38>,0.004388916818408146
T1,T1-3E-3<T1-3-35>,0.0006513171526918463
T1,T1-3E-4<T1-3-39>,0.00448671404414208
T1,T1-3E-5<T1-3-40>,0.006549733806672823
T1,T1-3E-6<T1-3-36>,0.004398882101423901
T1,T1-3F-1<T1-3-43>,0.0031964504349158776
T1,T1-3F-2<T1-3-44>,0.006625057601053984
T1,T1-3F-3<T1-3-49>,0.006620659131309098
T1,T1-3F-4<T1-3-45>,0.00507246650719923
T1,T1-3F-7<T1-3-48>,0.006545885145646048
T1,T1-3F-8<T1-3-47>,0.001379538799829422
T1,T1-3F-9<T1-3-46>,0.005029237796737779
T1,T1-3F<T1-3F-06>,0.010327606960990728
T1,T1-3G-1<T1-3-52>,0.0038758765583211314
T1,T1-3G-2<T1-3-56>,0.003916150046922738
T1,T1-3G-3<T1-3-54>,0.00311652199252054
T1,T1-3G-4<T1-3-55>,0.0010858034921787992
T1,T1-3G-5<T1-3-51>,0.0019401375140330084
T1,T1-3G-6<T1-3-57>,0.006734469535958005
T1,T1-3G-7<T1-3-50>,0.001216795419268665
T1,T1-3G-8<T1-3-53>,0.007978961569401496
T1,T1-3H-1<T1-3-60>,0.002320330242606533
T1,T1-3H-3<T1-3-63>,0.0036927215291005164
T1,T1-3H-4<T1-3-64>,0.002919553019257394
T1,T1-3H-5<T1-3-61>,0.0034341052533192126
T1,T1-3H-5<T1-3-65>,0.006441971297923132
T1,T1-3I-1<T1-3-67>,0.007557739365238962
T1,T1-3I-2<T1-3-69>,0.006584784112452377
T1,T1-3I-3<T1-3-70>,0.0024537275828381334
T1,T1-3I-4<T1-3-71>,0.0014521822767097935
T1,T1-3J-1<T1-3-78>,0.011811403238991885
T1,T1-3J-2<T1-3-80>,0.010954595077906177
T1,T1-3J-3<T1-3-81>,0.0058951865277620755
T1,T1-3J-4<T1-3-85>,0.005581520654079942
T1,T1-3J-5<T1-3-83>,0.0055997330678673575
T1,T1-3J<T1-3J-06>,0.006014701197861382
T1,T1-3J<T1-3J-07>,0.007861989764623451
T1,T1-3L-1<T1-3-95>,0.007908586053483331
T1,T1-3L-2<T1-3-90>,0.004679490725929632
T1,T1-3L-3<T1-3-91>,0.00619325157906782
T1,T1-3L-5<T1-3-92>,0.0060322950768409225
T1,T1-3L-6<T1-3-88>,0.00474704847216748
T1,T1-3L-7<T1-3-96>,0.010203281464607954
T1,T1-3L-8<T1-3-94>,0.006691240825496555
T1,T1-F-03<T1-1E-08>,0.0033090237699490363
T1,T1-F-04<T1-1E-06>,0.012858101586095063
T1,T1-F-05<T1-1E-07>,0.012143900061269308
T1,T1-F-06<T1-BC-01>,0.013004144526843208
T1,T1-F-07<T1-BD-02>,0.0055309382520137606
T1,T1-F-08<T1-BD-01>,0.007952089668303837
T1,T1-ZJF-1,0.007897246248672298
T1,T1-ZJF-2,0.001918145165308582
T1,T1-ZJF-4,0.01655872661551842
T1,T1-ZJF-5,0.004028104847148022
W1,W1-1A-1<W1-1-01>,0.01530666752411042
W1,W1-1A-2<W1-1-02>,0.04351855501366032
W1,W1-1A-3<W1-1-03>,0.04189165921589535
W1,W1-1A-4<W1-1-04>,0.031442082094707426
W1,W1-1A-5<W1-1-05>,0.05375990814288056
W1,W1-2A-1<W1-2-11>,0.032436267381387524
W1,W1-2A-2<W1-2-12>,0.01961091415259318
W1,W1-2A-3<W1-2-13>,0.0036321213642483297
W1,W1-2A-4<W1-2-14>,0.0031422893333305675
W1,W1-2A-5<W1-2-15>,0.013272658815524434
W1,W1-2A-6<W1-2-16>,0.012935818260647687
W1,W1-2C-1<W1-2-01>,0.028146282670162823
W1,W1-2C-2<W1-2-02>,0.01360975867798769
W1,W1-2C-3<W1-2-03>,0.015404167176638254
W1,W1-2C-4<W1-2-04>,0.01017419246431409
W1,W1-2C-5<W1-2-05>,0.009458503525545945
W1,W1-2C-6<W1-2-06>,0.0143856069768262
W1,W1-3A-10<W1-3-06>,0.027449782492796435
W1,W1-3A-1<W1-3-36>,0.014015056435703128
W1,W1-3A-2<W1-3-01>,0.017626173885444133
W1,W1-3A-3<W1-3-02>,0.016903224334253703
W1,W1-3A-4<W1-3-03>,0.02403288642535157
W1,W1-3A-5<W1-3-35>,0.02591468158065607
W1,W1-3A-6<W1-3-34>,0.015186348803969688
W1,W1-3A-7<W1-3-33>,0.016252102984526597
W1,W1-3A-8<W1-3-04>,0.023529829707521786
W1,W1-3A-9<W1-3-05>,0.02487848846496132
W1,W1-3B-10<W1-3-30>,0.014523299305263115
W1,W1-3B-11<W1-3-31>,0.01853193528512425
W1,W1-3B-12<W1-3-32>,0.014264251026339428
W1,W1-3B-13<W1-3-29>,0.02083536457609433
W1,W1-3B-1<W1-3-07>,0.017760495215256415
W1,W1-3B-2<W1-3-08>,0.01485962124496684
W1,W1-3B-3<W1-3-09>,0.024789805270374835
W1,W1-3B-4<W1-3-10>,0.020483484181199992
W1,W1-3B-5<W1-3-11>,0.01383276320238646
W1,W1-3B-6<W1-3-12>,0.013264101665169597
W1,W1-3B-7<W1-3-13>,0.006616233069807677
W1,W1-3B-8<W1-3-27>,0.0094242749241266
W1,W1-3B-9<W1-3-28>,0.014404795738227954
W1,W1-3C-10<W1-3-23>,0.016092110203649805
W1,W1-3C-11<W1-3-24>,0.015739192578409427
W1,W1-3C-12<W1-3-25>,0.013154155248489273
W1,W1-3C-13<W1-3-26>,0.00951451396423215
W1,W1-3C-1<W1-3-22>,0.029493126274496788
W1,W1-3C-2<W1-3-21>,0.013587976840720833
W1,W1-3C-3<W1-3-20>,0.01933267711226774
W1,W1-3C-4<W1-3-19>,0.009987231694440237
W1,W1-3C-5<W1-3-18>,0.012555932646410249
W1,W1-3C-6<W1-3-17>,0.024722125990295673
W1,W1-3C-7<W1-3-16>,0.028676307376989667
W1,W1-3C-8<W1-3-15>,0.017758680062150842
W1,W1-3C-9<W1-3-14>,0.017879517397464594
W2,W2-1A-1<W2-1-01>,0.021831830729023217
W2,W2-1A-2<W2-1-02>,0.04454196581039643
W2,W2-1A-3<W2-1-03>,0.04512127944767815
W2,W2-1A-4<W2-1-04>,0.04467661874246403
W2,W2-1A-5<W2-1-05>,0.058428967518040435
W2,W2-2B-1<W2-2-04>,0.029217544052930842
W2,W2-2B-2<W2-2-05>,0.028598446594810964
W2,W2-2B-3<W2-2-06>,0.007189242454845363
W2,W2-2B-4<W2-2-07>,0.011068777045347436
W2,W2-2B-5<W2-2-08>,0.003172606697147194
W2,W2-2C-1<W2-2-01>,0.023668925163572708
W2,W2-2C-1<W2-2-09>,0.00469234865316465
W2,W2-2C-2<W2-2-02>,0.06385150229828072
W2,W2-2C-2<W2-2-10>,0.021228034740456474
W2,W2-2C-3<W2-2-03>,0.028292417203748248
W2,W2-2C-3<W2-2-11>,0.0030247945012639014
W2,W2-3A-10<W2-3-10>,0.024470110109374905
W2,W2-3A-11<W2-3-11>,0.03219949443944597
W2,W2-3A-12<W2-3-12>,0.024746760678895603
W2,W2-3A-13<W2-3-13>,0.027204482718520287
W2,W2-3A-1<W2-3-01>,0.015722872024629245
W2,W2-3A-2<W2-3-02>,0.014813046644999786
W2,W2-3A-3<W2-3-03>,0.016603624612107747
W2,W2-3A-4<W2-3-04>,0.028946402012449277
W2,W2-3A-5<W2-3-05>,0.036538685175324236
W2,W2-3A-6<W2-3-06>,0.019877833067087763
W2,W2-3A-7<W2-3-07>,0.02150835766266992
W2,W2-3A-8<W2-3-08>,0.002727027903759877
W2,W2-3A-9<W2-3-09>,0.021714009413464068
W2,W2-3B-10<W2-3-23>,0.013008085296511877
W2,W2-3B-11<W2-3-24>,0.01346223291284895
W2,W2-3B-12<W2-3-25>,0.04151992557365209
W2,W2-3B-13<W2-3-26>,0.01905308385817374
W2,W2-3B-1<W2-3-14>,0.014921075020044925
W2,W2-3B-2<W2-3-15>,0.023272311072755427
W2,W2-3B-3<W2-3-16>,0.013528029231927434
W2,W2-3B-4<W2-3-17>,0.02232882246010907
W2,W2-3B-5<W2-3-18>,0.041961525984955596
W2,W2-3B-6<W2-3-19>,0.021239357827925794
W2,W2-3B-7<W2-3-20>,0.02323222122252621
W2,W2-3B-8<W2-3-21>,0.015457850571968933
W2,W2-3B-9<W2-3-22>,0.011337470850700502
W3,W3-1A-1<W3-1-01>,0.08687922034090377
W3,W3-1A-2<W3-1-02>,0.04431453410885369
W3,W3-1A-3<W3-1-03>,0.03515117473597079
W3,W3-1A-4<W3-1-04>,0.02119131555154821
W3,W3-2A-1<W3-2-04>,0.021429292891966663
W3,W3-2A-2<W3-2-05>,0.044156128901929194
W3,W3-2A-3<W3-2-06>,0.0058873524651348414
W3,W3-2A-4<W3-2-07>,0.010237706351728538
W3,W3-2A-5<W3-2-08>,0.0023669630297520946
W3,W3-2B-1<W3-2-01>,0.013821901305919131
W3,W3-2B-2<W3-2-02>,0.007767028559744384
W3,W3-2B-3<W3-2-03>,0.030177546862566854
W3,W3-3A-10<W3-3-10>,0.01836391810229084
W3,W3-3A-11<W3-3-11>,0.03866639075090966
W3,W3-3A-12<W3-3-12>,0.020328093397483746
W3,W3-3A-13<W3-3-13>,0.04636567213817467
W3,W3-3A-14<W3-3-14>,0.030577624710226868
W3,W3-3A-15<W3-3-15>,0.013985479933287512
W3,W3-3A-16<W3-3-16>,0.01814096831649508
W3,W3-3A-17<W3-3-17>,0.015034452516622693
W3,W3-3A-1<W3-3-01>,0.016931866052754107
W3,W3-3A-2<W3-3-02>,0.04173619990096595
W3,W3-3A-3<W3-3-03>,0.012987009787618773
W3,W3-3A-4<W3-3-04>,0.01285939875000308
W3,W3-3A-5<W3-3-05>,0.010661187768063244
W3,W3-3A-6<W3-3-06>,0.017345246981555526
W3,W3-3A-7<W3-3-07>,0.006713375262674264
W3,W3-3A-8<W3-3-08>,0.02228561715210595
W3,W3-3A-9<W3-3-09>,0.03364866562705551
W3,W3-3B-10<W3-3-27>,0.029195582391647636
W3,W3-3B-11<W3-3-28>,0.023233092153399307
W3,W3-3B-1<W3-3-18>,0.020901357653336488
W3,W3-3B-2<W3-3-19>,0.03752947002002853
W3,W3-3B-3<W3-3-20>,0.01809120493889205
W3,W3-3B-4<W3-3-21>,0.02911108319106427
W3,W3-3B-5<W3-3-22>,0.03904134055641369
W3,W3-3B-6<W3-3-23>,0.028398136583226787
W3,W3-3B-7<W3-3-24>,0.011176312632260958
W3,W3-3B-8<W3-3-25>,0.03561185550883054
W3,W3-3B-9<W3-3-26>,0.027699232116594117
WC,WC-1A<WC-1A-01>,0.00022629335888252425
WC,WC-1A<WC-1A-02>,0.00021540591956966225
WC,WC-1A<WC-1A-03>,0.001616991461491265
WC,WC-1A<WC-1A-04>,0.00034357450894892383
WC,WC-1A<WC-1A-05>,0.002251494886762362
WC,WC-1A<WC-1A-06>,0.0027615507462168216
WC,WC-1A<WC-1A-07>,0.0007417240301496623
WC,WC-1A<WC-1A-08>,0.000825653783839953
WC,WC-1A<WC-1A-09>,0.0010524984054724957
WC,WC-1A<WC-1A-10>,0.0005851654091444567
WC,WC-1A<WC-1A-11>,0.0017706559530588743
WC,WC-1A<WC-1A-12>,0.0027773995502798484
WC,WC-1A<WC-1A-13>,0.0007116802102736634
WC,WC-1A<WC-1A-14>,0.000501235655454166
WC,WC-1E<WC-1-1>,0.0250255372468946
WC,WC-1F-UPS<WC-1F-UPS-01>,0.00648601970102816
WC,WC-1F-UPS<WC-1F-UPS-03>,0.0027130396242152086
WC,WC-1F-UPS<WC-1F-UPS-042>,0.008300501042713493
WC,WC-1F-UPS<WC-1F-UPS-04>,0.003873172081628783
WC,WC-1H<WC-1H-01>,0.003307852131484986
WC,WC-1H<WC-1H-02>,0.00022036728431982722
WC,WC-1H<WC-1H-03>,0.0002760448220716785
WC,WC-1H<WC-1H-05>,0.0010588379270977063
WC,WC-1H<WC-1H-06>,0.0004055915683259859
WC,WC-1H<WC-1H-07>,0.0003745830386374549
WC,WC-1H<WC-1H-08>,2.3704298250788167e-05
WC,WC-1H<WC-1H-09>,0.0005213567458298351
WC,WC-1H<WC-1H-10>,0.0001251366442541608
WC,WC-1H<WC-1H-11>,0.0024391998531436035
WC,WC-1H<WC-1H-12>,0.00044045893726464525
WC,WC-1H<WC-1H-13>,0.0003603880228244829
WC,WC-1H<WC-1H-14>,1.391938443796282e-05
WC,WC-1H<WC-1H-15>,0.0008977313884048495
WC,WC-1H<WC-1H-16>,0.0050925652846693275
WC,WC-1H<WC-1H-17>,2.6874059063393564e-05
WC,WC-1H<WC-1H-18>,0.0008953885217172717
WC,WC-1H<WC-1H-4>,0.0016824539130559416
WC,WC-2A-1<WC-2-1>,0.004754503403220587
WC,WC-2A<WC-1-01>,0.00831634984677652
WC,WC-2A<WC-1-02>,0.011946690687022227
WC,WC-2A<WC-1-03>,0.005792117714442588
WC,WC-2A<WC-2-02>,0.0030308425996007755
WC,WC-2A<WC-2-03>,0.010659354350041924
WC,WC-2A<WC-2-04>,0.00421054488464
WC,WC-2A<WC-2-05>,0.0023199892834521395
WC,WC-2B<WC-2-15>,0.004100567966011344
WC,WC-2B<WC-2-16>,0.0027058732084649702
WC,WC-2B<WC-2-17>,0.005808931228318147
WC,WC-2B<WC-2-18>,0.006571603242968506
WC,WC-2B<WC-2B-05>,0.0013555551022950722
WC,WC-2B<WC-2B-06>,0.0007763157677133125
WC,WC-2B<WC-2B-07>,0.00990288404132927
WC,WC-2B<WC-2B-08>,0.002119605273820477
WC,WC-2C<WC-2C-01>,0.00972179422794825
WC,WC-2C<WC-2C-02>,0.0003714132778248495
WC,WC-2C<WC-2C-03>,0.0006992767983982509
WC,WC-2C<WC-2C-04>,0.002709594232027594
WC,WC-2C<WC-2C-05>,0.0006624800098345274
WC,WC-2C<WC-2C-06>,0.003339136292548526
WC,WC-2C<WC-2C-07>,0.010833139931985201
WC,WC-2C<WC-2C-08>,0.0025377380697093796
WC,WC-2C<WC-2C-09>,0.008695756434476634
WC,WC-2C<WC-2C-10>,0.00806800597789326
WC,WC-2C<WC-2C-11>,0.0030446241683512337
WC,WC-2C<WC-2C-12>,0.0025229917911463893
WC,WC-2C<WC-2C-13>,0.006123702258578613
WC,WC-2C<WC-2C-14>,0.005514419104120855
WC,WC-2C<WC-2C-15>,0.004092850287511087
WC,WC-2C<WC-2C-16>,0.011325279752064066
WC,WC-2C<WC-2C-17>,0.004434219745459938
WC,WC-2C<WC-2C-18>,0.006173591537455272
WC,WC-2C<WC-2C-19>,0.010052827509334257
WC,WC-2D-1,0.002340937267952836
WC,WC-2D-2,0.001339155035482027
WC,WC-2D-3,0.0027177253575903643
WC,WC-3A<WC-3-01>,0.005795563106630202
WC,WC-3A<WC-3-02>,0.0053112787807391
WC,WC-3A<WC-3-03>,0.03752266378981013
WC,WC-3A<WC-3A-04>,0.0014662210993612518
WC,WC-3A<WC-3A-05>,0.0018454898713738625
WC,WC-3B<WC-1-04>,0.012503879511603254
WC,WC-3B<WC-1-05>,0.01771606881302656
WC,WC-3B<WC-2-06>,0.0021240153758206237
WC,WC-3B<WC-2-07>,0.003909555423129992
WC,WC-3B<WC-2-08>,0.0020936959245696153
WC,WC-3B<WC-2-09>,0.0018332242751859548
WC,WC-3B<WC-3-04>,0.0033625649594243054
WC,WC-3B<WC-3-05>,0.022965192718701094
WC,WC-3B<WC-3-06>,0.024378492594060584
WC,WC-3B<WC-3-07>,0.003283458754796675
WC,WC-3B<WC-3-08>,0.006985188121169757
WC,WC-3B<WC-3-09>,0.036892846097914184
WC,WC-3C<WC-1-06>,0.021910213630853513
WC,WC-3C<WC-1-07>,0.01620271474853874
WC,WC-3C<WC-2-10>,0.0034565552583024303
WC,WC-3C<WC-2-11>,0.002888478994408542
WC,WC-3C<WC-2-12>,0.002199676188260639
WC,WC-3C<WC-2-13>,0.0034087332147383406
WC,WC-3C<WC-2-14>,0.019333335905892833
WC,WC-3C<WC-3-11>,0.028557753317637047
WC,WC-3C<WC-3-12>,0.006832901786477194
WC,WC-3C<WC-3-13>,0.013468727139822835
WC,WC-3C<WC-3-14>,0.0173594018137647
WC,WC-3C<WC-3-15>,0.023724419341163837
WC,WC-3C<WC-3-16>,0.019689865089467188
WC,WC-3C<WC-3-17>,0.01893918303962973
WC,WC-3C<WC-3-18>,0.0194435884558965
WC,WC-3D<WC-3-22>,0.012266836529095373
WC,WC-3D<WC-3-23>,0.005424563275867867
WC,WC-3D<WC-3D-03>,0.019684765909029518
WC,WC-3D<WC-3D-04>,0.013949290442151313
WC,WC-3D<WC-3D-05>,0.007929087764888642
WC,WC-3D<WC-3D-06>,0.02377858090635314
WC,WC-3D<WC-3D-07>,0.009962833865393764
WC,WC-3D<WC-3D-08>,0.00953836154787965
WC,WC-3D<WC-3D-09>,0.009259009149307862
WC,WC-3E<WC-3-24>,0.00422074324551534
WC,WC-3E<WC-3-25>,0.007226916837052795
WC,WC-3E<WC-3-26>,0.003942493372443588
WC,WC-3E<WC-3-27>,0.0022946311969512965
WC,WC-3E<WC-3E-05>,0.0060097286850123235
WC,WC-3E<WC-3E-06>,0.007015783203795775
WC,WC-3E<WC-3E-07>,0.003501896619491438
WC,WC-3E<WC-3E-08>,0.008313593533026426
WC,WC-3E<WC-3E-10>,8.792640862792356e-05
WC,WC-3E<WC-3E-12>,7.207760456489658e-05
WC,WC-3E<WC-3E-13>,0.0012439243954163604
WC,WC-3F<WC-1-08>,0.0016536504343674838
WC,WC-3F<WC-1-09>,0.01056632876097633
WC,WC-3F<WC-1-10>,0.011006649882553472
WC,WC-3F<WC-1-11>,0.008758876019353733
WC,WC-3F<WC-1-12>,0.003322047147297958
WC,WC-3F<WC-1-13>,0.0037987516103763085
WC,WC-3F<WC-1-14>,0.010622006298728181
WC,WC-3F<WC-2-24>,0.000678466629585059
WC,WC-3F<WC-2-25>,0.0005817200169568422
WC,WC-3F<WC-2-26>,0.0027335741616533915
WC,WC-3F<WC-2-27>,0.0045046435617747795
WC,WC-3F<WC-2-28>,0.003424306387426358
WC,WC-3F<WC-3-28>,0.003917962180067772
WC,WC-3F<WC-3-29>,0.0027240648792155753
WC,WC-3F<WC-3-30>,0.0014558849227984082
WC,WC-3F<WC-3-31>,0.002559512948335104
WC,WC-3F<WC-3-32>,0.006646850608346007
WC,WC-3F<WC-3-33>,0.011742447838140437
WC,WC-3F<WC-3-34>,0.00939489541718738
WC,WC-3F<WC-3-35>,0.010274848581904139
WC,WC-3F<WC-3-36>,0.009188034070243002
WC,WC-3F<WC-3-37>,0.010260929197466176
WC,WC-3G<WC-3-38>,0.003921545387942892
WC,WC-3G<WC-3G-01>,0.0048874955416625095
WC,WC-3G<WC-3G-03>,0.0049296671420389114
WC,WC-3G<WC-3G-04>,0.002921830390784651
WC,WC-3G<WC-3G-05>,0.004308256207080749
WC,WC-3G<WC-3G-06>,0.0105894817964771
WC,WC-3G<WC-3G-07>,0.00011535173044133544
WC,WC-3G<WC-3G-08>,0.0013297835687317153
WC,WC-3G<WC-3G-09>,0.0014177099773596388
